centers,Representative frames,dbi,psf,ssr/sst
"[[0.32816556]
 [0.22727838]
 [0.15699011]]","[553, 170, 47]",0.374773748442242,5636.421634387375,0.9223521517976023
